<?xml version="1.0" encoding="UTF-8"?>
<?xml-stylesheet type="text/xsl" href="carshowroom.xsl"?>
<carshowroom>
	<car>
		<company>Tesla</company>
		<name>Smart EV</name>
		<color>red</color>
		<price>50000</price>
	</car>
	<car>
		<company>Toyota</company>
		<name>Inova</name>
		<color>white</color>
		<price>3000000</price>
	</car>
	<car>
		<company>Tata Motors</company>
		<name>Nexon</name>
		<color>blue</color>
		<price>1100000</price>
	</car>
	<car>
		<company>Maruti-suzuki</company>
		<name>Dzire</name>
		<color>grey</color>
		<price>800000</price>
	</car>
	<car>
		<company>Ford</company>
		<name>Ecosport</name>
		<color>dark blue</color>
		<price>100000</price>
	</car>
</carshowroom>
