<?xml version="1.0" encoding="UTF-8"?>
<?xml-stylesheet type="text/xsl" href="students.xsl"?>
<class>
	<student rollno="393">
		<firstname>Dinkar</firstname>
		<lastname>kad</lastname>
		<nickname>Dinkar</nickname>
		<marks>85</marks>
	</student>
	<student rollno="493">
		<firstname>Vaneet</firstname>
		<lastname>Gupta</lastname>
		<nickname>vinni</nickname>
		<marks>95</marks>
	</student>
	<student rollno="593">
		<firstname>Jasvir</firstname>
		<lastname>singh</lastname>
		<nickname>Jazz</nickname>
		<marks>90</marks>
	</student>
</class>